dataset,random_features_vs_kmeans_0.0,random_features_vs_kmeans_0.2,random_features_vs_kmeans_0.35,random_features_vs_kmeans_0.5,fisher_vs_kmeans_0.0,fisher_vs_kmeans_0.2,fisher_vs_kmeans_0.35,fisher_vs_kmeans_0.5,relief_vs_kmeans_0.0,relief_vs_kmeans_0.2,relief_vs_kmeans_0.35,relief_vs_kmeans_0.5,chi_square_vs_kmeans_0.0,chi_square_vs_kmeans_0.2,chi_square_vs_kmeans_0.35,chi_square_vs_kmeans_0.5,mrmr_vs_kmeans_0.0,mrmr_vs_kmeans_0.2,mrmr_vs_kmeans_0.35,mrmr_vs_kmeans_0.5,shirs_algo_vs_kmeans_0.0,shirs_algo_vs_kmeans_0.2,shirs_algo_vs_kmeans_0.35,shirs_algo_vs_kmeans_0.5
digits,2.0155004055238932e-07,2.904833554350389e-07,5.171958273899144e-08,,1.0418009643461046e-07,1.5583399106311252e-07,2.1567900006439753e-08,,1.3924470663116567e-07,2.0518960478408672e-07,3.218337478188172e-08,,6.700065404949501e-08,1.0417079598988726e-07,1.2263790330880944e-08,,,,,,,,,
ml_multiclass_classification_data,0.0366747192339137,0.0384470794675453,0.0317239055403192,,0.0352277438675835,0.0366941863083652,0.0308778390043195,,0.0288379273051934,0.0300642443306163,0.0248290210043057,,0.0278761918979044,0.0286603514828412,0.0234341283053246,,,,,,,,,
adware_balanced,0.0010565761952634,0.0008059068408527,0.0016295079382905,,0.0009881729357694,0.000763733925939,0.0014712158711174,,0.0014457123865882,0.0011473161049345,0.0021739375731326,,0.0010470939301381,0.0007669535356557,0.0015851877237144,,,,,,,,,
